Player Name,Team,Result,Minutes Played,Goals,xGoals Shot,Player Points,DP Passes Made,HP Regains,Average X,Average Y
Brett EMERTON,Blackburn Rovers,L,46.961666666666666,0,0.0213221965564332,0.0,0.1985000000000001,0.0017625,2.211666666666667,-3.0828571428571427
Christophe BERRA,Wolverhampton Wanderers,W,96.06166666666668,0,0.0,0.0245643373467207,3.5325,0.0330499999999997,-19.57844827586207,-12.195689655172414
David DUNN,Blackburn Rovers,L,96.06166666666668,0,0.0979849733298319,0.0,7.419000000000002,0.0,5.317485648679659,-0.354867967853093
David GOODWILLIE,Blackburn Rovers,L,22.871666666666663,0,0.0539623172097063,0.0,0.0,0.0375000000000227,23.54363636363636,10.60479797979797
David HOILETT,Blackburn Rovers,L,96.06166666666668,0,0.5753541148621829,0.0,0.0,0.0,18.9631707875458,19.260301510989
George ELOKOBI,Wolverhampton Wanderers,W,19.063333333333333,0,0.0,0.0221381306294829,1.396,0.0,6.6840740740740765,-26.54407407407407
Grant HANLEY,Blackburn Rovers,L,96.06166666666668,0,0.0,0.0,5.4955,0.0,-23.04945454545456,-6.492363636363637
Jamie O'HARA,Wolverhampton Wanderers,W,96.06166666666668,0,0.1562330425581864,0.3367460773430855,3.0310000000000006,0.2653624999999966,7.220185185185185,1.5842592592592597
Jason ROBERTS,Blackburn Rovers,L,96.06166666666668,0,0.5718587363616966,0.0,0.082,0.0144999999999999,22.88000000000001,-6.5417283950617335
Karl HENRY,Wolverhampton Wanderers,W,96.06166666666668,0,0.0,0.0335288915845539,2.1080000000000005,0.8438562499999713,1.476122448979592,8.95673469387755
Kevin DOYLE,Wolverhampton Wanderers,W,96.06166666666668,0,0.7791972537997636,0.1532792166608808,0.9975000000000004,0.0,13.621212121212125,-2.9325252525252505
Kevin FOLEY,Wolverhampton Wanderers,W,46.405,0,0.0,0.0894895045829457,5.114500000000001,0.0,-1.0250769230769232,24.011846153846157
Martin OLSSON,Blackburn Rovers,L,96.06166666666668,0,0.0,0.0,7.702500000000001,0.0,-5.484821428571429,-25.39660714285713
Matthew JARVIS,Wolverhampton Wanderers,W,76.99833333333332,0,0.0234114017224801,0.9677725326585404,0.0,0.0,28.73805696202532,-12.168739451476792
Mauro FORMICA,Blackburn Rovers,L,85.35666666666665,1,0.5130130892417171,0.0,0.0,0.133,8.987551724137939,-7.195241379310373
Michel SALGADO,Blackburn Rovers,L,96.06166666666668,0,0.0,0.0,2.8535000000000004,1.946,-6.0379000000000005,20.754999999999995
Morten GAMST PEDERSEN,Blackburn Rovers,L,73.19,0,0.03300591074119,0.0,2.838,0.0,6.411428571428573,-12.963636363636365
Nick BLACKMAN,Blackburn Rovers,L,10.705000000000004,0,0.0,0.0,0.0,0.0,20.3625,-26.11833333333334
Paul ROBINSON,Blackburn Rovers,L,96.06166666666668,0,0.0,0.0,24.0,0.0,-44.17878787878787,-4.733939393939394
Richard STEARMAN,Wolverhampton Wanderers,W,49.65666666666666,0,0.0,0.0339776937081832,1.3380000000000003,0.0,-1.195,20.757777777777772
Roger JOHNSON,Wolverhampton Wanderers,W,96.06166666666668,0,0.0414567627418673,0.0765746109928194,1.7765000000000002,1.2513624999999975,-16.31977777777778,4.185111111111112
Ruben ROCHINA,Blackburn Rovers,L,49.1,0,0.0614347877433059,0.0,0.1035000000000001,0.4750000000000085,-1.4221043910521902,-12.614813587406786
Stefan MAIERHOFER,Wolverhampton Wanderers,W,4.27166666666667,0,0.0,0.0088775888326679,0.0,0.0,24.218571428571423,-10.73142857142857
Stephen HUNT,Wolverhampton Wanderers,W,91.79,0,0.1720990862443863,0.2817309892040434,1.179,0.0481875,17.04559465662547,6.226040496682756
Stephen WARD,Wolverhampton Wanderers,W,96.06166666666668,1,0.337521793302492,0.4514018875549757,7.6485,0.2339999999999999,2.8630379746835453,-20.966708860759496
Steven FLETCHER,Wolverhampton Wanderers,W,96.06166666666668,1,0.3991174724476534,0.4819373718715228,0.0,0.0,21.007656250000007,4.234374999999998
Steven N'ZONZI,Blackburn Rovers,L,96.06166666666668,0,0.1375730850582533,0.0,8.260000000000002,0.0,-22.437894736842107,5.762105263157896
Wayne HENNESSEY,Wolverhampton Wanderers,W,96.06166666666668,0,0.0,0.0379811670295768,42.4635,0.0,-43.39456790123456,1.146296296296297
